measure_time,conflict_count,block_height,block_tx_count
measure_time,conflict_count,block_height,block_tx_count
measure_time,conflict_count,block_height,block_tx_count
measure_time,conflict_count,block_height,block_tx_count
measure_time,conflict_count,block_height,block_tx_count
measure_time,conflict_count,block_height,block_tx_count
measure_time,conflict_count,block_height,block_tx_count
measure_time,conflict_count,block_height,block_tx_count
measure_time,conflict_count,block_height,block_tx_count
measure_time,conflict_count,block_height,block_tx_count
measure_time,conflict_count,block_height,block_tx_count
measure_time,conflict_count,block_height,block_tx_count
measure_time,conflict_count,block_height,block_tx_count
measure_time,conflict_count,block_height,block_tx_count
measure_time,conflict_count,block_height,block_tx_count
measure_time,conflict_count,block_height,block_tx_count
measure_time,conflict_count,block_height,block_tx_count
measure_time,conflict_count,block_height,block_tx_count
