TxHash,BeginTime,EndTime,ExecTime
TxHash,BeginTime,EndTime,ExecTime
TxHash,BeginTime,EndTime,ExecTime
TxHash,BeginTime,EndTime,ExecTime
TxHash,BeginTime,EndTime,ExecTime
TxHash,BeginTime,EndTime,ExecTime
TxHash,BeginTime,EndTime,ExecTime
TxHash,BeginTime,EndTime,ExecTime
TxHash,BeginTime,EndTime,ExecTime
TxHash,BeginTime,EndTime,ExecTime
TxHash,BeginTime,EndTime,ExecTime
TxHash,BeginTime,EndTime,ExecTime
TxHash,BeginTime,EndTime,ExecTime
TxHash,BeginTime,EndTime,ExecTime
TxHash,BeginTime,EndTime,ExecTime
TxHash,BeginTime,EndTime,ExecTime
TxHash,BeginTime,EndTime,ExecTime
TxHash,BeginTime,EndTime,ExecTime
