block_height,contract_start_time,contract_end_time,gas
block_height,contract_start_time,contract_end_time,gas
block_height,contract_start_time,contract_end_time,gas
block_height,contract_start_time,contract_end_time,gas
block_height,contract_start_time,contract_end_time,gas
block_height,contract_start_time,contract_end_time,gas
block_height,contract_start_time,contract_end_time,gas
block_height,contract_start_time,contract_end_time,gas
block_height,contract_start_time,contract_end_time,gas
block_height,contract_start_time,contract_end_time,gas
block_height,contract_start_time,contract_end_time,gas
block_height,contract_start_time,contract_end_time,gas
block_height,contract_start_time,contract_end_time,gas
block_height,contract_start_time,contract_end_time,gas
block_height,contract_start_time,contract_end_time,gas
block_height,contract_start_time,contract_end_time,gas
block_height,contract_start_time,contract_end_time,gas
block_height,contract_start_time,contract_end_time,gas
