measure_time,peer_id,peer1_deliver_time,peer2_receive_time,peer2_deliver_time,peer1_receive_time
measure_time,peer_id,peer1_deliver_time,peer2_receive_time,peer2_deliver_time,peer1_receive_time
measure_time,peer_id,peer1_deliver_time,peer2_receive_time,peer2_deliver_time,peer1_receive_time
measure_time,peer_id,peer1_deliver_time,peer2_receive_time,peer2_deliver_time,peer1_receive_time
measure_time,peer_id,peer1_deliver_time,peer2_receive_time,peer2_deliver_time,peer1_receive_time
measure_time,peer_id,peer1_deliver_time,peer2_receive_time,peer2_deliver_time,peer1_receive_time
measure_time,peer_id,peer1_deliver_time,peer2_receive_time,peer2_deliver_time,peer1_receive_time
measure_time,peer_id,peer1_deliver_time,peer2_receive_time,peer2_deliver_time,peer1_receive_time
measure_time,peer_id,peer1_deliver_time,peer2_receive_time,peer2_deliver_time,peer1_receive_time
measure_time,peer_id,peer1_deliver_time,peer2_receive_time,peer2_deliver_time,peer1_receive_time
measure_time,peer_id,peer1_deliver_time,peer2_receive_time,peer2_deliver_time,peer1_receive_time
measure_time,peer_id,peer1_deliver_time,peer2_receive_time,peer2_deliver_time,peer1_receive_time
measure_time,peer_id,peer1_deliver_time,peer2_receive_time,peer2_deliver_time,peer1_receive_time
measure_time,peer_id,peer1_deliver_time,peer2_receive_time,peer2_deliver_time,peer1_receive_time
measure_time,peer_id,peer1_deliver_time,peer2_receive_time,peer2_deliver_time,peer1_receive_time
measure_time,peer_id,peer1_deliver_time,peer2_receive_time,peer2_deliver_time,peer1_receive_time
measure_time,peer_id,peer1_deliver_time,peer2_receive_time,peer2_deliver_time,peer1_receive_time
measure_time,peer_id,peer1_deliver_time,peer2_receive_time,peer2_deliver_time,peer1_receive_time
